{"lat1":-32.946838,"long1":-60.630496,"lat2":-32.947828,"long2":-60.629041,"alt":10}