{"lat1":-32.930076,"long1":-60.651437,"lat2":-32.930306,"long2":-60.650883,"alt":10}